[{"@type":"mappingTemplate","id":"@1","name":"TransactionControl_sample_mapping","description":"","bundleVersion":"0","templateId":"@3","deployTime":1588474405000,"hasParameters":false,"valid":true,"fixedConnection":true,"hasParametersDeployed":false,"fixedConnectionDeployed":true,"tasks":0,"mappingPreviewFileRecordId":"@2","documentType":"","references":[{"@type":"reference","refObjectId":"@8HAukGMyeDJl0574ia4zGd","refType":"connection"},{"@type":"reference","refObjectId":"@eT4afFrRdcciZ5iaELZ82a","refType":"hschema"}]}]